"ID_BUILD","ID_SOURCE"
"1","w62341440"
"2","w62339710"
"4","w62341060"
"5","w62347816"
"6","w62350745"
"7","w62345159"
"9","w62349084"
"10","w62350911"
"11","w62346952"
"12","w62351158"
"13","w62349610"
"15","w62350265"
"16","w254261553"
"17","w62348502"
"18","w62345304"
"19","w62349933"
"21","w62349200"
"22","w62347601"
"23","w62345414"
"24","w62344982"
"25","w62349786"
"26","w62348776"
"27","w62348662"
"28","w62338289"
"30","w62337085"
"31","w62338144"
"32","w803590872"
"34","w62342791"
"35","w62339821"
"36","w62340569"
"38","w62347112"
"39","w62341700"
"40","w62350729"
"41","w62335393"
"43","w62339195"
"44","w62338723"
"45","w62336906"
"47","w62341801"
"48","w62342194"
"49","w62336089"
"50","w62336414"
"51","w62341599"
"52","w62342557"
"54","w62341311"
"55","w62335365"
"56","w62342169"
"57","w62339298"
"59","w62340250"
"60","w62339219"
"61","w62337774"
"62","w62340331"
"63","w62335860"
"65","w62339787"
"66","w62339445"
"67","w62341178"
"68","w62342004"
"70","w62338367"
"72","w62339680"
"77","w62340504"
"78","w62342369"
"79","w62342420"
"80","w62337627"
"83","w62340658"
"85","w62340192"
"88","w62338514"
"91","w62335354"
"92","w62340142"
"93","w62342652"
"95","w62338712"
"96","w62337046"
"97","w62341897"
"98","w62335533"
"99","w62338897"
"102","w62336795"
"103","w62349363"
"104","w62337734"
"106","w62347227"
"108","w62338003"
"109","w62348243"
"114","w62338212"
"116","w62339888"
"119","w62335784"
"120","w62340350"
"121","w62342576"
"123","w62336725"
"124","w62335967"
"125","w62342333"
"126","w62338398"
"127","w62337655"
"128","w62338673"
"130","w62342664"
"131","w62339002"
"132","w914665846"
"133","w914665847"
"134","w914665839"
"135","w62337097"
"137","w914665840"
"140","w62342206"
"141","w62337259"
"142","w62336617"
"143","w62341410"
"144","w62335872"
"146","w62335502"
"147","w62340537"
"148","w62336521"
"150","w62341027"
"154","w62340439"
"155","w62338861"
"156","w62339326"
"157","w62340675"
"158","w62342839"
"159","w62335033"
"161","w918746326"
"163","w62339405"
"169","w62339614"
